{
    "metadata":{
        "normals":14,
        "version":3,
        "faces":24,
        "type":"Geometry",
        "vertices":14,
        "generator":"io_three",
        "materials":1,
        "uvs":0
    },
    "name":"IcosphereGeometry.3",
    "normals":[0.147801,-0.981414,0.122349,-0.769005,-0.638752,0.024598,-0.269265,-0.625935,-0.731864,-0.574694,0.320322,-0.753044,0.832606,-0.476455,0.282327,0.952513,0.290384,0.091311,0.169836,0.306009,0.936735,-0.051881,-0.499893,0.864498,-0.77401,0.360576,0.520432,0.417188,0.3184,-0.851192,0.554857,-0.48793,-0.673788,0.330058,0.909238,0.253578,-0.203833,0.971221,-0.123112,-0.995788,-0.001984,-0.091342],
    "vertices":[-0.235241,-0.700735,-0.724008,0.194691,0.315019,1.01809,-0.584116,0.361003,-0.796989,0.44091,0.315017,-0.938088,1.02842,0.315017,0.129445,-0.178166,1.06073,-0.129444,0.178166,-1.06073,0.129444,-0.003618,-0.523793,0.892291,0.847502,-0.52379,0.279175,-0.850254,-0.67135,0,0.527408,-0.523791,-0.719749,-0.889814,0.356723,0.520931,-1.04389,-0.05359,-0,0.338901,0.95765,0.246226],
    "materials":[{
        "depthTest":true,
        "depthWrite":true,
        "colorDiffuse":[0.134359,0.134359,0.134359],
        "DbgName":"Material.001",
        "colorSpecular":[0.5,0.5,0.5],
        "DbgIndex":0,
        "visible":true,
        "colorEmissive":[0,0,0],
        "shading":"phong",
        "blending":"NormalBlending",
        "wireframe":false,
        "opacity":1,
        "transparent":false,
        "DbgColor":15658734,
        "specularCoef":50
    }],
    "uvs":[],
    "faces":[34,6,9,0,0,0,1,2,34,0,9,2,0,2,1,3,34,8,4,1,0,4,5,6,34,7,1,11,0,7,6,8,34,0,2,3,0,2,3,9,34,10,3,4,0,10,9,5,34,1,4,13,0,6,5,11,34,11,1,5,0,8,6,12,34,2,11,5,0,3,8,12,34,3,2,5,0,9,3,12,34,4,3,13,0,5,9,11,34,13,3,5,0,11,9,12,34,5,1,13,0,12,6,11,34,12,11,2,0,13,8,3,34,10,0,3,0,10,2,9,34,2,9,12,0,3,1,13,34,12,9,11,0,13,1,8,34,9,7,11,0,1,7,8,34,7,8,1,0,7,4,6,34,8,10,4,0,4,10,5,34,6,0,10,0,0,2,10,34,6,7,9,0,0,7,1,34,8,6,10,0,4,0,10,34,6,8,7,0,0,4,7]
}