{
    "metadata":{
        "generator":"io_three",
        "uvs":0,
        "version":3,
        "faces":56,
        "type":"Geometry",
        "normals":45,
        "vertices":49
    },
    "uvs":[],
    "name":"Cube.001Geometry",
    "faces":[33,35,6,2,29,0,1,2,3,33,0,2,6,7,4,2,1,5,33,2,0,31,29,2,4,6,3,33,31,0,5,33,6,4,7,8,33,7,1,4,8,5,9,10,11,33,0,7,8,5,4,5,11,7,33,7,6,11,12,5,1,12,13,32,35,28,13,0,0,14,32,13,3,6,14,15,1,32,13,6,35,14,1,0,33,4,32,34,8,10,16,17,11,32,4,1,15,10,9,18,32,15,30,32,18,18,16,32,15,32,4,18,16,10,33,8,34,33,5,11,17,8,7,33,43,16,18,47,19,20,21,19,33,9,10,12,11,22,23,13,12,32,9,3,14,22,15,24,32,14,1,10,24,9,23,32,14,10,9,24,23,22,33,1,7,12,10,9,5,13,23,33,6,3,9,11,1,15,22,12,33,15,16,43,30,18,20,19,18,33,1,14,16,15,9,24,20,18,33,14,3,13,16,24,15,14,20,33,18,17,45,47,21,25,26,19,33,13,28,45,17,14,0,26,25,33,16,13,17,18,20,14,25,21,33,35,29,21,25,0,3,27,28,33,25,21,19,26,28,27,29,30,33,31,19,21,29,6,29,27,3,33,31,33,24,19,6,8,31,29,33,26,27,23,20,30,32,33,34,33,19,24,27,26,29,31,32,30,33,26,39,38,25,30,35,36,28,32,40,28,35,37,0,0,32,35,25,22,0,28,38,32,35,22,40,0,38,37,33,23,27,34,32,33,32,17,16,32,42,20,23,18,34,33,32,23,32,30,33,16,18,32,23,30,42,33,18,18,33,27,24,33,34,32,31,8,17,33,43,47,48,44,19,19,39,40,33,36,38,39,37,41,36,35,42,32,41,22,36,43,38,41,32,36,37,20,41,42,34,32,36,20,41,41,34,43,33,20,37,39,26,34,42,35,30,33,25,38,36,22,28,36,41,38,33,42,30,43,44,18,18,19,40,33,20,42,44,41,34,18,40,43,33,41,44,40,22,43,40,37,38,33,48,47,45,46,39,19,26,44,33,40,46,45,28,37,44,26,0,33,44,48,46,40,40,39,44,37],
    "vertices":[1,-0.181094,1,1,0.181094,1,1,-0.181094,-1,1,0.181094,-1,0.164703,0.055656,2.40709,0.164703,-0.055656,2.40709,1,-0,-1,1,0,1,0.164703,0,2.40709,2.63174,-0.219004,-0.313331,2.63174,-0.219004,0.313331,2.63174,-0.264539,-0.313331,2.63174,-0.264539,0.313331,0.5,0.181094,-1,1,0.181094,-0,0.5,0.181094,1,0.5,0.181094,-0,0.5,0.363398,-1,0.5,0.363398,-0,-1,-0.181094,1,-1,0.181094,1,-1,-0.181094,-1,-1,0.181094,-1,-0.164703,0.055656,2.40709,-0.164703,-0.055656,2.40709,-1,-0,-1,-1,0,1,-0.164703,0,2.40709,0,0.181094,-1,0,-0.181094,-1,0,0.181094,1,0,-0.181094,1,0,0.055656,2.40709,0,-0.055656,2.40709,0,0,2.40709,0,-0,-1,-2.63174,-0.219004,-0.313331,-2.63174,-0.219004,0.313331,-2.63174,-0.264539,-0.313331,-2.63174,-0.264539,0.313331,-0.5,0.181094,-1,-1,0.181094,-0,-0.5,0.181094,1,0,0.181094,-0,-0.5,0.181094,-0,0,0.363398,-1,-0.5,0.363398,-1,0,0.363398,-0,-0.5,0.363398,-0],
    "normals":[0,0,-1,0.388043,-0.220008,-0.894955,0.577349,-0.577349,-0.577349,0,-0.707083,-0.707083,0.721519,-0.657796,0.215979,0.813715,-0.199011,0.546098,0,-0.998993,0.044435,0.390545,-0.578021,0.716453,0,-0.674978,0.737815,0.437178,0.784997,0.438856,0.390545,0.578021,0.716453,0.494736,0,0.869015,0.611286,-0.655599,-0.443251,0.611286,-0.655599,0.443251,0.301492,0.301492,-0.904508,0.201422,0.680715,-0.704276,0,0.674978,0.737815,0,0,1,0,0.998993,0.044435,0,0.707083,0.707083,0.301492,0.904508,0.301492,0.577349,0.577349,0.577349,0.73513,0.511765,-0.444563,0.73513,0.511765,0.444563,0.119907,0.992767,0,0.577349,0.577349,-0.577349,0,0.707083,-0.707083,-0.577349,-0.577349,-0.577349,-0.388043,-0.220008,-0.894955,-0.721519,-0.657796,0.215979,-0.813715,-0.199011,0.546098,-0.390545,-0.578021,0.716453,-0.494736,0,0.869015,-0.390545,0.578021,0.716453,-0.437178,0.784997,0.438856,-0.611286,-0.655599,0.443251,-0.611286,-0.655599,-0.443251,-0.301492,0.301492,-0.904508,-0.201422,0.680715,-0.704276,-0.577349,0.577349,0.577349,-0.301492,0.904508,0.301492,-0.73513,0.511765,-0.444563,-0.73513,0.511765,0.444563,-0.119907,0.992767,0,-0.577349,0.577349,-0.577349]
}